id,node_from,node_to,origid 
1,0,1,1
2,1,2,1
3,2,3,1
4,3,4,1
5,4,5,1
6,5,6,1
7,6,7,1
8,7,8,1
9,8,9,1
10,9,10,1
11,10,11,1
12,11,12,1
13,12,13,1
14,13,14,1
15,14,15,1
16,15,16,1
17,16,17,1
18,17,18,1
19,18,19,1
20,19,20,1
21,20,21,1
22,21,22,1
23,22,23,1
24,23,24,1
25,24,25,1
26,25,26,1
27,26,27,1
28,27,28,1
29,28,29,1
30,29,30,1
31,30,31,1
32,31,32,1
33,32,33,1
34,33,34,1
35,34,35,1
36,35,36,1
37,36,37,1
38,37,38,1
39,38,39,1
40,39,40,1
41,40,41,1
42,41,42,1
43,42,43,1
44,43,44,1
45,44,45,1
46,45,46,1
47,46,47,1
48,47,48,1
49,48,49,1
50,49,50,1
51,50,51,1
52,51,52,1
53,52,53,1
54,53,54,1
55,54,55,1
56,55,56,1
57,56,57,1
58,57,58,1
59,58,59,1
60,59,60,1
61,60,61,2
62,61,62,2
63,62,63,2
64,63,64,2
65,64,65,2
66,65,66,2
67,66,67,2
68,67,68,2
69,68,69,2
70,69,70,2
71,70,71,2
72,71,72,2
73,72,73,2
74,73,74,2
75,74,75,2
76,75,76,2
77,76,77,2
78,77,78,3
79,78,79,3
80,79,80,3
81,80,81,3
82,81,82,3
83,82,83,3
84,83,84,3
85,84,85,3
86,85,86,3
87,86,87,3
88,87,88,3
89,88,89,3
90,89,90,3
91,90,91,3
92,91,92,3
93,92,93,3
94,93,94,3
95,94,95,3
96,95,96,3
97,96,97,3
98,97,98,3
99,98,99,3
100,99,100,3
101,100,101,3
102,101,102,3
103,102,103,3
104,103,104,3
105,104,105,3
106,105,106,4
107,106,107,4
108,107,108,4
109,108,109,4
110,109,110,4
111,110,111,4
112,111,112,4
113,112,113,4
114,113,114,4
115,114,115,4
116,115,116,4
117,116,117,5
118,117,118,5
119,118,119,5
120,119,120,5
121,120,121,5
122,121,122,5
123,122,123,5
124,123,124,5
125,124,125,5
126,125,126,5
127,126,127,5
128,127,128,5
129,128,129,5
130,129,130,5
131,130,131,5
132,131,132,6
133,132,133,6
134,133,134,6
135,134,135,6
136,135,136,6
137,136,137,6
138,137,138,6
139,138,139,6
140,139,140,6
141,140,141,7
142,141,142,7
143,142,143,7
144,143,144,7
145,144,145,7
146,145,146,7
147,146,147,7
148,147,148,7
149,148,149,7
150,149,150,8
151,150,151,8
152,151,152,8
153,152,153,8
154,153,154,8
155,154,155,8
156,155,156,8
157,156,157,8
158,157,158,8
159,158,159,8
160,159,160,8
161,160,161,8
162,161,162,8
163,162,163,8
164,163,164,8
165,164,165,8
166,165,166,8
167,166,167,8
168,167,168,8
169,168,169,8
170,169,170,8
171,170,171,8
172,171,172,8
173,172,173,9
174,173,174,9
175,174,175,9
176,175,176,9
177,176,177,9
178,177,178,9
179,178,179,9
180,179,180,9
181,180,181,10
182,181,182,10
183,182,183,10
184,183,184,10
185,184,185,10
186,185,186,10
187,186,187,10
188,187,188,10
189,188,189,11
190,189,190,11
191,190,191,11
192,191,192,11
193,192,193,11
194,193,194,11
195,194,195,12
196,195,196,12
197,196,197,12
198,197,198,12
199,198,199,12
200,199,200,12
201,200,201,12
202,201,202,12
203,202,203,12
204,203,204,12
205,204,205,12
206,205,206,12
207,206,207,12
208,207,208,12
209,208,209,12
210,209,210,12
211,210,211,12
212,211,212,12
213,212,213,12
214,213,214,12
215,214,215,12
216,215,216,12
217,216,217,12
218,217,218,12
219,218,219,12
220,219,220,12
221,220,221,12
222,221,222,12
223,222,223,12
224,223,224,12
225,224,225,12
226,225,226,12
227,226,227,12
228,227,228,12
229,228,229,12
230,229,230,12
231,230,231,12
232,231,232,12
233,232,233,12
234,233,234,12
235,234,235,12
236,235,236,12
237,236,237,12
238,237,238,12
239,238,239,12
240,239,240,12
241,240,241,12
242,241,242,12
243,242,243,12
244,243,244,12
245,244,245,12
246,245,246,12
247,246,247,12
248,247,248,12
249,248,249,12
250,249,250,12
251,250,251,12
252,251,252,12
253,252,253,12
254,253,254,12
255,254,255,12
256,255,256,12
257,256,257,12
258,257,258,12
259,258,259,12
260,259,260,12
261,260,261,12
262,261,262,13
263,262,263,13
264,263,264,13
265,264,265,13
266,265,266,13
267,266,267,13
268,267,268,13
269,268,269,13
270,269,270,13
271,270,271,13
272,271,272,13
273,272,273,13
274,273,274,13
275,274,275,13
276,275,276,14
277,276,277,14
278,277,278,14
279,278,279,14
280,279,280,14
281,280,281,14
282,281,282,14
283,282,283,14
284,283,284,14
285,284,285,14
286,285,286,14
287,286,287,14
288,287,288,14
289,288,289,14
290,289,290,14
291,290,291,14
292,291,292,14
293,292,293,14
294,293,294,14
295,294,295,14
296,295,296,14
297,296,297,15
298,297,298,15
299,298,299,15
300,299,300,15
301,300,301,16
302,301,302,16
303,302,303,16
304,303,304,16
305,304,305,16
306,305,306,16
307,306,307,16
308,307,308,16
309,308,309,16
310,309,310,16
311,310,311,16
312,311,312,16
313,312,313,16
314,313,314,16
315,314,315,16
316,315,316,16
317,316,317,16
318,317,318,16
319,318,319,16
320,319,320,16
321,320,321,16
322,321,322,16
323,322,323,16
324,323,324,16
325,324,325,16
326,325,326,16
327,326,327,16
328,327,328,16
329,328,329,16
330,329,330,16
331,330,331,16
332,331,332,16
333,332,333,16
334,333,334,16
335,334,335,16
336,335,336,16
337,336,337,16
338,337,338,16
339,338,339,16
340,339,340,16
341,340,341,16
342,341,342,16
343,342,343,16
344,343,344,16
345,344,345,17
346,345,346,17
347,346,347,17
348,347,348,17
349,348,349,17
350,349,350,17
351,350,351,17
352,351,352,17
353,352,353,17
354,353,354,17
355,354,355,17
356,355,356,17
357,356,357,17
358,357,358,17
359,358,359,18
360,359,360,18
361,360,361,18
362,361,362,18
363,362,363,18
364,363,364,18
365,364,365,18
366,365,366,18
367,366,367,18
368,367,368,18
369,368,369,18
370,369,370,18
371,370,371,19
372,371,372,19
373,372,373,19
374,373,374,19
375,374,375,19
376,375,376,19
377,376,377,19
378,377,378,19
379,378,379,19
380,379,380,19
381,380,381,19
382,381,382,19
383,382,383,19
384,383,384,19
385,384,385,19
386,385,386,19
387,386,387,19
388,387,388,19
389,388,389,19
390,389,390,19
391,390,391,19
392,391,392,19
393,392,393,19
394,393,394,20
395,394,395,20
396,395,396,20
397,396,397,20
398,397,398,20
399,398,399,20
400,399,400,20
401,400,401,20
402,401,402,20
403,402,403,20
404,403,404,20
405,404,405,20
406,405,406,20
407,406,407,20
408,407,408,20
409,408,409,20
410,409,410,20
411,410,411,20
412,411,412,20
413,412,413,20
414,413,414,20
415,414,415,20
416,415,416,20
417,416,417,20
418,417,418,20
419,418,419,20
420,419,420,20
421,420,421,20
422,421,422,20
423,422,423,21
424,423,424,21
425,424,425,21
426,425,426,21
427,426,427,21
428,427,428,21
429,428,429,21
430,429,430,21
431,430,431,21
432,431,432,21
433,432,433,21
434,433,434,21
435,434,435,21
436,435,436,21
437,436,437,21
438,437,438,21
439,438,439,21
440,439,440,21
441,440,441,21
442,441,442,21
443,442,443,21
444,443,444,21
445,444,445,21
446,445,446,21
447,446,447,21
448,447,448,21
449,448,449,22
450,449,450,22
451,450,451,22
452,451,452,22
453,452,453,22
454,453,454,22
455,454,455,22
456,455,456,22
457,456,457,22
458,457,458,22
459,458,459,22
460,459,460,22
461,460,461,22
462,461,462,22
463,462,463,23
464,463,464,23
465,464,465,23
466,465,466,23
467,466,467,23
468,467,468,23
469,468,469,23
470,469,470,23
471,470,471,23
472,471,472,24
473,472,473,24
474,473,474,24
475,474,475,24
476,475,476,24
477,476,477,24
478,477,478,25
479,478,479,25
480,479,480,25
481,480,481,25
482,481,482,25
483,482,483,25
484,483,484,25
485,484,485,25
486,485,486,25
487,486,487,26
488,487,488,26
489,488,489,26
490,489,490,26
491,490,491,26
492,491,492,27
493,492,493,27
494,493,494,27
495,494,495,27
496,495,496,27
497,496,497,27
498,497,498,27
499,498,499,27
500,499,500,27
501,500,501,27
502,501,502,27
503,502,503,27
504,503,504,27
505,504,505,27
506,505,506,27
507,506,507,28
508,507,508,28
509,508,509,28
510,509,510,29
511,510,511,29
512,511,512,29
513,512,513,29
514,513,514,29
515,514,515,29
516,515,516,29
517,516,517,29
518,517,518,29
519,518,519,29
520,519,520,29
521,520,521,29
522,521,522,30
523,522,523,30
524,523,524,30
525,524,525,30
526,525,526,30
527,526,527,30
528,527,528,30
529,528,529,30
530,529,530,30
531,530,531,30
532,531,532,30
533,532,533,31
534,533,534,31
535,534,535,31
536,535,536,31
537,536,537,31
538,537,538,31
539,538,539,31
540,539,540,31
541,540,541,31
542,541,542,31
543,542,543,31
544,543,544,31
545,544,545,31
546,545,546,31
547,546,547,31
548,547,548,31
549,548,549,31
550,549,550,31
551,550,551,31
552,551,552,31
553,552,553,31
554,553,554,31
555,554,555,31
556,555,556,32
557,556,557,32
558,557,558,32
559,558,559,32
560,559,560,32
561,560,561,32
562,561,562,32
563,562,563,32
564,563,564,32
565,564,565,32
566,565,566,32
567,566,567,32
568,567,568,32
569,568,569,32
570,569,570,32
571,570,571,32
572,571,572,33
573,572,573,33
574,573,574,33
575,574,575,33
576,575,576,33
577,576,577,33
578,577,578,33
579,578,579,33
580,579,580,33
581,580,581,34
582,581,582,34
583,582,583,34
584,583,584,34
585,584,585,34
586,585,586,34
587,586,587,34
588,587,588,34
589,588,589,34
590,589,590,34
591,590,591,34
592,591,592,34
593,592,593,34
594,593,594,34
595,594,595,34
596,595,596,34
597,596,597,34
598,597,598,34
599,598,599,34
600,599,600,34
601,600,601,34
602,601,602,34
603,602,603,34
604,603,604,34
605,604,605,34
606,605,606,34
607,606,607,34
608,607,608,34
609,608,609,34
610,609,610,34
611,610,611,34
612,611,612,34
613,612,613,34
614,613,614,34
615,614,615,34
616,615,616,34
617,616,617,34
618,617,618,34
619,618,619,34
620,619,620,34
621,620,621,34
622,621,622,34
623,622,623,34
624,623,624,34
625,624,625,34
626,625,626,34
627,626,627,34
628,627,628,34
629,628,629,34
630,629,630,35
631,630,631,35
632,631,632,35
633,632,633,35
634,633,634,35
635,634,635,36
636,635,636,36
637,636,637,36
638,637,638,36
639,638,639,36
640,639,640,36
641,640,641,36
642,641,642,36
643,642,643,36
644,643,644,36
645,644,645,37
646,645,646,37
647,646,647,37
648,647,648,37
649,648,649,37
650,649,650,37
651,650,651,37
652,651,652,37
653,652,653,37
654,653,654,37
655,654,655,37
656,655,656,37
657,656,657,37
658,657,658,37
659,658,659,37
660,659,660,37
661,660,661,37
662,661,662,37
663,662,663,37
664,663,664,37
665,664,665,37
666,665,666,37
667,666,667,37
668,667,668,37
669,668,669,37
670,669,670,37
671,670,671,37
672,671,672,37
673,672,673,37
674,673,674,37
675,674,675,37
676,675,676,37
677,676,677,37
678,677,678,38
679,678,679,38
680,679,680,38
681,680,681,38
682,681,682,38
683,682,683,38
684,683,684,38
685,684,685,38
686,685,686,39
687,686,687,39
688,687,688,39
689,688,689,39
690,689,690,39
691,690,691,39
692,691,692,39
693,692,693,39
694,693,694,39
695,694,695,39
696,695,696,39
697,696,697,39
698,697,698,39
699,698,699,39
700,699,700,39
701,700,701,39
702,701,702,40
703,702,703,40
704,703,704,40
705,704,705,40
706,705,706,40
707,706,707,40
708,707,708,40
709,708,709,40
710,709,710,40
711,710,711,40
712,711,712,40
713,712,713,40
714,713,714,40
715,714,715,40
716,715,716,40
717,716,717,40
718,717,718,40
719,718,719,40
720,719,720,40
721,720,721,40
722,721,722,40
723,722,723,40
724,723,724,40
725,724,725,40
726,725,726,40
727,726,727,40
728,727,728,40
729,728,729,40
730,729,730,40
731,730,731,40
732,731,732,40
733,732,733,40
734,733,734,41
735,734,735,41
736,735,736,41
737,736,737,41
738,737,738,41
739,738,739,41
740,739,740,41
741,740,741,41
742,741,742,41
743,742,743,41
744,743,744,41
745,744,745,41
746,745,746,41
747,746,747,41
748,747,748,41
749,748,749,41
750,749,750,41
751,750,751,41
752,751,752,41
753,752,753,41
754,753,754,41
755,754,755,41
756,755,756,41
757,756,757,41
758,757,758,42
759,758,759,42
760,759,760,42
761,760,761,42
762,761,762,42
763,762,763,42
764,763,764,43
765,764,765,43
766,765,766,43
767,766,767,43
768,767,768,43
769,768,769,43
770,769,770,43
771,770,771,43
772,771,772,43
773,772,773,43
774,773,774,44
775,774,775,44
776,775,776,44
777,776,777,44
778,777,778,44
779,778,779,44
780,779,780,44
781,780,781,44
782,781,782,45
783,782,783,45
784,783,784,45
785,784,785,45
786,785,786,45
787,786,787,45
788,787,788,45
789,788,789,45
790,789,790,45
791,790,791,45
792,791,792,45
793,792,793,45
794,793,794,45
795,794,795,46
796,795,796,46
797,796,797,46
798,797,798,46
799,798,799,46
800,799,800,46
801,800,801,46
802,801,802,46
803,802,803,46
804,803,804,46
805,804,805,46
806,805,806,46
807,806,807,46
808,807,808,46
809,808,809,46
810,809,810,46
811,810,811,46
812,811,812,46
813,812,813,46
814,813,814,46
815,814,815,46
816,815,816,46
817,816,817,46
818,817,818,46
819,818,819,46
820,819,820,46
821,820,821,46
822,821,822,46
823,822,823,46
824,823,824,46
825,824,825,46
826,825,826,46
827,826,827,46
828,827,828,46
829,828,829,46
830,829,830,46
831,830,831,46
832,831,832,46
833,832,833,46
834,833,834,46
835,834,835,47
836,835,836,47
837,836,837,47
838,837,838,47
839,838,839,48
840,839,840,48
841,840,841,48
842,841,842,48
843,842,843,48
844,843,844,48
845,844,845,48
846,845,846,48
847,846,847,48
848,847,848,48
849,848,849,48
850,849,850,48
851,850,851,48
852,851,852,48
853,852,853,48
854,853,854,48
855,854,855,49
856,855,856,49
857,856,857,49
858,857,858,49
859,858,859,49
860,859,860,49
861,860,861,49
862,861,862,49
863,862,863,49
864,863,864,49
865,864,865,49
866,865,866,49
867,866,867,49
868,867,868,49
869,868,869,49
870,869,870,49
871,870,871,49
872,871,872,49
873,872,873,49
874,873,874,49
875,874,875,49
876,875,876,49
877,876,877,49
878,877,878,49
879,878,879,49
880,879,880,49
881,880,881,49
882,881,882,49
883,882,883,49
884,883,884,49
885,884,885,49
886,885,886,49
887,886,887,49
888,887,888,49
889,888,889,49
890,889,890,49
891,890,891,49
892,891,892,49
893,892,893,49
894,893,894,49
895,894,895,49
896,895,896,49
897,896,897,50
898,897,898,50
899,898,899,50
900,899,900,50
901,900,901,50
902,901,902,50
903,902,903,50
904,903,904,50
905,904,905,50
906,905,906,50
907,906,907,50
908,907,908,50
909,908,909,50
910,909,910,50
911,910,911,50
912,911,912,50
913,912,913,50
914,913,914,50
915,914,915,50
916,915,916,50
917,916,917,50
918,917,918,51
919,918,919,51
920,919,920,51
921,920,921,51
922,921,922,52
923,922,923,52
924,923,924,52
925,924,925,52
926,925,926,52
927,926,927,52
928,927,928,52
929,928,929,52
930,929,930,52
931,930,931,52
932,931,932,52
933,932,933,52
934,933,934,52
935,934,935,52
936,935,936,52
937,936,937,52
938,937,938,52
939,938,939,53
940,939,940,53
941,940,941,53
942,941,942,53
943,942,943,53
944,943,944,53
945,944,945,53
946,945,946,53
947,946,947,53
948,947,948,53
949,948,949,53
950,949,950,53
951,950,951,53
952,951,952,53
953,952,953,53
954,953,954,53
955,954,955,53
956,955,956,53
957,956,957,53
958,957,958,53
959,958,959,53
960,959,960,53
961,960,961,53
962,961,962,53
963,962,963,53
964,963,964,54
965,964,965,54
966,965,966,54
967,966,967,54
968,967,968,54
969,968,969,54
970,969,970,54
971,970,971,54
972,971,972,54
973,972,973,54
974,973,974,54
975,974,975,54
976,975,976,54
977,976,977,54
978,977,978,54
979,978,979,54
980,979,980,54
981,980,981,54
982,981,982,54
983,982,983,54
984,983,984,54
985,984,985,54
986,985,986,54
987,986,987,54
988,987,988,54
989,988,989,54
990,989,990,54
991,990,991,54
992,991,992,54
993,992,993,54
994,993,994,54
995,994,995,54
996,995,996,54
997,996,997,55
998,997,998,55
999,998,999,55
1000,999,1000,55
1001,1000,1001,55
1002,1001,1002,55
1003,1002,1003,55
1004,1003,1004,55
1005,1004,1005,55
1006,1005,1006,55
1007,1006,1007,55
1008,1007,1008,55
1009,1008,1009,55
1010,1009,1010,55
1011,1010,1011,56
1012,1011,1012,56
1013,1012,1013,56
1014,1013,1014,56
1015,1014,1015,56
1016,1015,1016,56
1017,1016,1017,56
1018,1017,1018,56
1019,1018,1019,56
1020,1019,1020,57
1021,1020,1021,57
1022,1021,1022,57
1023,1022,1023,57
1024,1023,1024,57
1025,1024,1025,57
1026,1025,1026,58
1027,1026,1027,58
1028,1027,1028,58
1029,1028,1029,58
1030,1029,1030,58
1031,1030,1031,58
1032,1031,1032,58
1033,1032,1033,59
1034,1033,1034,59
1035,1034,1035,59
1036,1035,1036,59
1037,1036,1037,59
1038,1037,1038,59
1039,1038,1039,59
1040,1039,1040,59
1041,1040,1041,59
1042,1041,1042,59
1043,1042,1043,59
1044,1043,1044,59
1045,1044,1045,59
1046,1045,1046,59
1047,1046,1047,59
1048,1047,1048,59
1049,1048,1049,59
1050,1049,1050,59
1051,1050,1051,59
1052,1051,1052,60
1053,1052,1053,60
1054,1053,1054,60
1055,1054,1055,60
1056,1055,1056,60
1057,1056,1057,60
1058,1057,1058,60
1059,1058,1059,60
1060,1059,1060,60
1061,1060,1061,60
1062,1061,1062,60
1063,1062,1063,60
1064,1063,1064,60
1065,1064,1065,60
1066,1065,1066,60
1067,1066,1067,60
1068,1067,1068,60
1069,1068,1069,60
1070,1069,1070,60
1071,1070,1071,60
1072,1071,1072,60
1073,1072,1073,60
1074,1073,1074,61
1075,1074,1075,61
1076,1075,1076,61
1077,1076,1077,61
1078,1077,1078,61
1079,1078,1079,61
1080,1079,1080,61
1081,1080,1081,61
1082,1081,1082,61
1083,1082,1083,62
1084,1083,1084,62
1085,1084,1085,62
1086,1085,1086,62
1087,1086,1087,62
1088,1087,1088,62
1089,1088,1089,62
1090,1089,1090,62
1091,1090,1091,62
1092,1091,1092,62
1093,1092,1093,62
1094,1093,1094,62
1095,1094,1095,62
1096,1095,1096,62
1097,1096,1097,62
1098,1097,1098,62
1099,1098,1099,62
1100,1099,1100,62
1101,1100,1101,62
1102,1101,1102,62
1103,1102,1103,62
1104,1103,1104,62
1105,1104,1105,62
1106,1105,1106,62
1107,1106,1107,62
1108,1107,1108,62
1109,1108,1109,62
1110,1109,1110,62
1111,1110,1111,62
1112,1111,1112,62
1113,1112,1113,63
1114,1113,1114,63
1115,1114,1115,63
1116,1115,1116,63
1117,1116,1117,63
1118,1117,1118,63
1119,1118,1119,63
1120,1119,1120,63
1121,1120,1121,63
1122,1121,1122,63
1123,1122,1123,63
1124,1123,1124,63
1125,1124,1125,63
1126,1125,1126,63
1127,1126,1127,63
1128,1127,1128,63
1129,1128,1129,63
1130,1129,1130,63
1131,1130,1131,63
1132,1131,1132,64
1133,1132,1133,64
1134,1133,1134,64
1135,1134,1135,64
1136,1135,1136,64
1137,1136,1137,64
1138,1137,1138,64
1139,1138,1139,64
1140,1139,1140,65
1141,1140,1141,65
1142,1141,1142,65
1143,1142,1143,65
1144,1143,1144,65
1145,1144,1145,65
1146,1145,1146,65
1147,1146,1147,65
1148,1147,1148,65
1149,1148,1149,65
1150,1149,1150,65
1151,1150,1151,65
1152,1151,1152,65
1153,1152,1153,65
1154,1153,1154,65
1155,1154,1155,65
1156,1155,1156,65
1157,1156,1157,65
1158,1157,1158,65
1159,1158,1159,66
1160,1159,1160,66
1161,1160,1161,66
1162,1161,1162,66
1163,1162,1163,66
1164,1163,1164,66
1165,1164,1165,67
1166,1165,1166,67
1167,1166,1167,67
1168,1167,1168,68
1169,1168,1169,68
1170,1169,1170,68
1171,1170,1171,68
1172,1171,1172,68
1173,1172,1173,68
1174,1173,1174,68
1175,1174,1175,68
1176,1175,1176,68
1177,1176,1177,68
1178,1177,1178,68
1179,1178,1179,68
1180,1179,1180,68
1181,1180,1181,68
1182,1181,1182,68
1183,1182,1183,68
1184,1183,1184,68
1185,1184,1185,68
1186,1185,1186,69
1187,1186,1187,69
1188,1187,1188,69
1189,1188,1189,69
1190,1189,1190,69
1191,1190,1191,69
1192,1191,1192,69
1193,1192,1193,69
1194,1193,1194,69
1195,1194,1195,69
1196,1195,1196,69
1197,1196,1197,69
1198,1197,1198,69
1199,1198,1199,69
1200,1199,1200,69
1201,1200,1201,69
1202,1201,1202,69
1203,1202,1203,69
1204,1203,1204,69
1205,1204,1205,69
1206,1205,1206,69
1207,1206,1207,69
1208,1207,1208,69
1209,1208,1209,69
1210,1209,1210,69
1211,1210,1211,69
1212,1211,1212,69
1213,1212,1213,69
1214,1213,1214,69
1215,1214,1215,69
1216,1215,1216,69
1217,1216,1217,70
1218,1217,1218,70
1219,1218,1219,70
1220,1219,1220,70
1221,1220,1221,70
1222,1221,1222,70
1223,1222,1223,70
1224,1223,1224,70
1225,1224,1225,70
1226,1225,1226,70
1227,1226,1227,70
1228,1227,1228,70
1229,1228,1229,70
1230,1229,1230,70
1231,1230,1231,71
1232,1231,1232,71
1233,1232,1233,71
1234,1233,1234,71
1235,1234,1235,71
1236,1235,1236,71
1237,1236,1237,71
1238,1237,1238,71
1239,1238,1239,72
1240,1239,1240,72
1241,1240,1241,72
1242,1241,1242,72
1243,1242,1243,72
1244,1243,1244,72
1245,1244,1245,72
1246,1245,1246,72
1247,1246,1247,72
1248,1247,1248,72
1249,1248,1249,72
1250,1249,1250,72
1251,1250,1251,72
1252,1251,1252,72
1253,1252,1253,72
1254,1253,1254,72
1255,1254,1255,72
1256,1255,1256,72
1257,1256,1257,72
1258,1257,1258,72
1259,1258,1259,72
1260,1259,1260,72
1261,1260,1261,72
1262,1261,1262,72
1263,1262,1263,72
1264,1263,1264,72
1265,1264,1265,72
1266,1265,1266,72
1267,1266,1267,72
1268,1267,1268,72
1269,1268,1269,72
1270,1269,1270,72
1271,1270,1271,72
1272,1271,1272,73
1273,1272,1273,73
1274,1273,1274,73
1275,1274,1275,73
1276,1275,1276,73
1277,1276,1277,73
1278,1277,1278,73
1279,1278,1279,73
1280,1279,1280,73
1281,1280,1281,73
1282,1281,1282,74
1283,1282,1283,74
1284,1283,1284,74
1285,1284,1285,74
1286,1285,1286,74
1287,1286,1287,75
1288,1287,1288,75
1289,1288,1289,75
1290,1289,1290,75
1291,1290,1291,75
1292,1291,1292,75
1293,1292,1293,75
1294,1293,1294,75
1295,1294,1295,75
1296,1295,1296,75
1297,1296,1297,75
1298,1297,1298,75
1299,1298,1299,75
1300,1299,1300,75
1301,1300,1301,75
1302,1301,1302,75
1303,1302,1303,75
1304,1303,1304,75
1305,1304,1305,75
1306,1305,1306,75
1307,1306,1307,75
1308,1307,1308,75
1309,1308,1309,75
1310,1309,1310,75
1311,1310,1311,75
1312,1311,1312,75
1313,1312,1313,75
1314,1313,1314,75
1315,1314,1315,75
1316,1315,1316,75
1317,1316,1317,75
1318,1317,1318,76
1319,1318,1319,76
1320,1319,1320,76
1321,1320,1321,76
1322,1321,1322,76
1323,1322,1323,76
1324,1323,1324,76
1325,1324,1325,76
1326,1325,1326,76
1327,1326,1327,76
1328,1327,1328,77
1329,1328,1329,77
1330,1329,1330,77
1331,1330,1331,77
1332,1331,1332,77
1333,1332,1333,77
1334,1333,1334,77
1335,1334,1335,77
1336,1335,1336,77
1337,1336,1337,77
1338,1337,1338,78
1339,1338,1339,78
1340,1339,1340,78
1341,1340,1341,78
1342,1341,1342,78
1343,1342,1343,79
1344,1343,1344,79
1345,1344,1345,79
1346,1345,1346,79
1347,1346,1347,79
1348,1347,1348,80
1349,1348,1349,80
1350,1349,1350,80
1351,1350,1351,80
1352,1351,1352,80
1353,1352,1353,80
1354,1353,1354,80
1355,1354,1355,80
1356,1355,1356,80
1357,1356,1357,80
1358,1357,1358,80
1359,1358,1359,80
1360,1359,1360,81
1361,1360,1361,81
1362,1361,1362,81
1363,1362,1363,81
1364,1363,1364,81
1365,1364,1365,81
1366,1365,1366,81
1367,1366,1367,81
1368,1367,1368,81
1369,1368,1369,81
1370,1369,1370,81
1371,1370,1371,81
1372,1371,1372,81
1373,1372,1373,81
1374,1373,1374,81
1375,1374,1375,81
1376,1375,1376,82
1377,1376,1377,82
1378,1377,1378,82
1379,1378,1379,82
1380,1379,1380,82
1381,1380,1381,82
1382,1381,1382,82
1383,1382,1383,82
1384,1383,1384,82
1385,1384,1385,82
1386,1385,1386,82
1387,1386,1387,83
1388,1387,1388,83
1389,1388,1389,83
1390,1389,1390,83
1391,1390,1391,83
1392,1391,1392,83
1393,1392,1393,83
1394,1393,1394,83
1395,1394,1395,83
1396,1395,1396,83
1397,1396,1397,83
1398,1397,1398,83
1399,1398,1399,83
1400,1399,1400,83
1401,1400,1401,83
1402,1401,1402,84
1403,1402,1403,84
1404,1403,1404,84
1405,1404,1405,84
1406,1405,1406,84
1407,1406,1407,84
1408,1407,1408,84
1409,1408,1409,84
1410,1409,1410,84
1411,1410,1411,84
1412,1411,1412,84
1413,1412,1413,84
1414,1413,1414,84
1415,1414,1415,84
1416,1415,1416,84
1417,1416,1417,84
1418,1417,1418,84
1419,1418,1419,84
1420,1419,1420,85
1421,1420,1421,85
1422,1421,1422,85
1423,1422,1423,85
1424,1423,1424,85
1425,1424,1425,85
1426,1425,1426,85
1427,1426,1427,85
1428,1427,1428,85
1429,1428,1429,85
1430,1429,1430,85
1431,1430,1431,85
1432,1431,1432,85
1433,1432,1433,85
1434,1433,1434,85
1435,1434,1435,86
1436,1435,1436,86
1437,1436,1437,86
1438,1437,1438,86
1439,1438,1439,86
1440,1439,1440,86
1441,1440,1441,86
1442,1441,1442,86
1443,1442,1443,86
1444,1443,1444,87
1445,1444,1445,87
1446,1445,1446,87
1447,1446,1447,87
1448,1447,1448,87
1449,1448,1449,87
1450,1449,1450,87
1451,1450,1451,87
1452,1451,1452,88
1453,1452,1453,88
1454,1453,1454,88
1455,1454,1455,88
1456,1455,1456,88
1457,1456,1457,88
1458,1457,1458,88
1459,1458,1459,88
1460,1459,1460,88
1461,1460,1461,88
1462,1461,1462,88
1463,1462,1463,88
1464,1463,1464,88
1465,1464,1465,88
1466,1465,1466,88
1467,1466,1467,88
1468,1467,1468,88
1469,1468,1469,88
1470,1469,1470,89
1471,1470,1471,89
1472,1471,1472,89
1473,1472,1473,89
1474,1473,1474,89
1475,1474,1475,89
1476,1475,1476,89
1477,1476,1477,89
1478,1477,1478,89
1479,1478,1479,89
1480,1479,1480,89
1481,1480,1481,89
1482,1481,1482,89
1483,1482,1483,89
1484,1483,1484,89
1485,1484,1485,89
1486,1485,1486,89
1487,1486,1487,89
1488,1487,1488,89
1489,1488,1489,89
1490,1489,1490,89
1491,1490,1491,90
1492,1491,1492,90
1493,1492,1493,90
1494,1493,1494,90
1495,1494,1495,90
1496,1495,1496,90
1497,1496,1497,90
1498,1497,1498,90
1499,1498,1499,90
1500,1499,1500,90
1501,1500,1501,90
1502,1501,1502,90
1503,1502,1503,90
1504,1503,1504,90
1505,1504,1505,90
1506,1505,1506,90
1507,1506,1507,90
1508,1507,1508,90
1509,1508,1509,90
1510,1509,1510,90
1511,1510,1511,90
1512,1511,1512,90
1513,1512,1513,90
1514,1513,1514,90
1515,1514,1515,90
1516,1515,1516,90
1517,1516,1517,90
1518,1517,1518,90
1519,1518,1519,90
1520,1519,1520,90
1521,1520,1521,90
1522,1521,1522,91
1523,1522,1523,91
1524,1523,1524,91
1525,1524,1525,91
1526,1525,1526,91
1527,1526,1527,91
1528,1527,1528,91
1529,1528,1529,91
1530,1529,1530,91
1531,1530,1531,91
1532,1531,1532,91
1533,1532,1533,91
1534,1533,1534,91
1535,1534,1535,91
1536,1535,1536,91
1537,1536,1537,91
1538,1537,1538,91
1539,1538,1539,91
1540,1539,1540,91
1541,1540,1541,91
1542,1541,1542,91
1543,1542,1543,91
1544,1543,1544,91
1545,1544,1545,92
1546,1545,1546,92
1547,1546,1547,92
1548,1547,1548,92
1549,1548,1549,92
1550,1549,1550,92
1551,1550,1551,92
1552,1551,1552,92
1553,1552,1553,92
1554,1553,1554,92
1555,1554,1555,93
1556,1555,1556,93
1557,1556,1557,93
1558,1557,1558,93
1559,1558,1559,93
1560,1559,1560,93
1561,1560,1561,93
1562,1561,1562,93
1563,1562,1563,93
1564,1563,1564,94
1565,1564,1565,94
1566,1565,1566,94
1567,1566,1567,94
1568,1567,1568,95
1569,1568,1569,95
1570,1569,1570,95
1571,1570,1571,95
1572,1571,1572,95
1573,1572,1573,96
1574,1573,1574,96
1575,1574,1575,96
1576,1575,1576,96
1577,1576,1577,96
1578,1577,1578,96
1579,1578,1579,96
1580,1579,1580,96
1581,1580,1581,96
1582,1581,1582,96
1583,1582,1583,96
1584,1583,1584,96
1585,1584,1585,96
1586,1585,1586,96
1587,1586,1587,96
1588,1587,1588,96
1589,1588,1589,96
1590,1589,1590,96
1591,1590,1591,96
1592,1591,1592,96
1593,1592,1593,96
1594,1593,1594,96
1595,1594,1595,96
1596,1595,1596,96
1597,1596,1597,96
1598,1597,1598,97
1599,1598,1599,97
1600,1599,1600,97
1601,1600,1601,97
1602,1601,1602,97
1603,1602,1603,97
1604,1603,1604,97
1605,1604,1605,97
1606,1605,1606,97
1607,1606,1607,97
1608,1607,1608,97
1609,1608,1609,97
1610,1609,1610,97
1611,1610,1611,97
1612,1611,1612,97
1613,1612,1613,97
1614,1613,1614,97
1615,1614,1615,98
1616,1615,1616,98
1617,1616,1617,98
1618,1617,1618,98
1619,1618,1619,98
1620,1619,1620,98
1621,1620,1621,98
1622,1621,1622,98
1623,1622,1623,98
1624,1623,1624,98
1625,1624,1625,98
1626,1625,1626,98
1627,1626,1627,99
1628,1627,1628,99
1629,1628,1629,99
1630,1629,1630,99
1631,1630,1631,99
1632,1631,1632,99
1633,1632,1633,99
1634,1633,1634,100
1635,1634,1635,100
1636,1635,1636,100
1637,1636,1637,100
1638,1637,1638,100
1639,1638,1639,100
1640,1639,1640,100
1641,1640,1641,100
1642,1641,1642,100
1643,1642,1643,100
1644,1643,1644,100
1645,1644,1645,101
1646,1645,1646,101
1647,1646,1647,101
1648,1647,1648,101
1649,1648,1649,101
1650,1649,1650,101
1651,1650,1651,101
1652,1651,1652,101
1653,1652,1653,101
1654,1653,1654,101
1655,1654,1655,101
1656,1655,1656,102
1657,1656,1657,102
1658,1657,1658,102
1659,1658,1659,102
1660,1659,1660,102
1661,1660,1661,102
1662,1661,1662,102
1663,1662,1663,103
1664,1663,1664,103
1665,1664,1665,103
1666,1665,1666,103
1667,1666,1667,103
1668,1667,1668,103
1669,1668,1669,103
1670,1669,1670,103
1671,1670,1671,103
1672,1671,1672,103
1673,1672,1673,103
1674,1673,1674,103
1675,1674,1675,103
1676,1675,1676,104
1677,1676,1677,104
1678,1677,1678,104
1679,1678,1679,104
1680,1679,1680,104
1681,1680,1681,104
1682,1681,1682,104
1683,1682,1683,104
1684,1683,1684,104
1685,1684,1685,104
1686,1685,1686,104
1687,1686,1687,104
1688,1687,1688,104
1689,1688,1689,104
1690,1689,1690,104
1691,1690,1691,104
1692,1691,1692,104
1693,1692,1693,104
1694,1693,1694,104
1695,1694,1695,104
1696,1695,1696,104
1697,1696,1697,104
1698,1697,1698,104
1699,1698,1699,104
1700,1699,1700,104
1701,1700,1701,104
1702,1701,1702,104
1703,1702,1703,104
1704,1703,1704,105
1705,1704,1705,105
1706,1705,1706,105
1707,1706,1707,105
1708,1707,1708,105
1709,1708,1709,105
1710,1709,1710,106
1711,1710,1711,106
1712,1711,1712,106
1713,1712,1713,106
1714,1713,1714,106
1715,1714,1715,106
1716,1715,1716,106
1717,1716,1717,106
1718,1717,1718,106
1719,1718,1719,106
1720,1719,1720,106
1721,1720,1721,106
1722,1721,1722,106
1723,1722,1723,106
1724,1723,1724,106
1725,1724,1725,107
1726,1725,1726,107
1727,1726,1727,107
1728,1727,1728,107
1729,1728,1729,107
1730,1729,1730,108
1731,1730,1731,108
1732,1731,1732,108
1733,1732,1733,108
1734,1733,1734,109
1735,1734,1735,109
1736,1735,1736,109
1737,1736,1737,110
1738,1737,1738,110
1739,1738,1739,111
1740,1739,1740,111
1741,1740,1741,111
1742,1741,1742,111
1743,1742,1743,111
1744,1743,1744,111
1745,1744,1745,111
1746,1745,1746,111
1747,1746,1747,111
1748,1747,1748,111
1749,1748,1749,111
1750,1749,1750,111
1751,1750,1751,112
1752,1751,1752,112
1753,1752,1753,112
1754,1753,1754,112
1755,1754,1755,112
1756,1755,1756,112
1757,1756,1757,112
1758,1757,1758,112
1759,1758,1759,112
1760,1759,1760,112
1761,1760,1761,112
1762,1761,1762,112
1763,1762,1763,112
1764,1763,1764,112
1765,1764,1765,112
1766,1765,1766,112
1767,1766,1767,112
1768,1767,1768,112
1769,1768,1769,112
1770,1769,1770,112
1771,1770,1771,112
1772,1771,1772,112
1773,1772,1773,112
1774,1773,1774,112
1775,1774,1775,112
1776,1775,1776,112
1777,1776,1777,112
1778,1777,1778,112
1779,1778,1779,112
1780,1779,1780,112
1781,1780,1781,112
1782,1781,1782,112
1783,1782,1783,112
1784,1783,1784,112
1785,1784,1785,112
1786,1785,1786,112
1787,1786,1787,112
1788,1787,1788,112
1789,1788,1789,112
1790,1789,1790,112
1791,1790,1791,112
1792,1791,1792,112
1793,1792,1793,112
1794,1793,1794,112
1795,1794,1795,112
1796,1795,1796,112
1797,1796,1797,112
1798,1797,1798,112
1799,1798,1799,112
1800,1799,1800,112
1801,1800,1801,112
1802,1801,1802,112
1803,1802,1803,112
1804,1803,1804,112
1805,1804,1805,112
1806,1805,1806,112
1807,1806,1807,112
1808,1807,1808,112
1809,1808,1809,112
1810,1809,1810,112
1811,1810,1811,112
1812,1811,1812,112
1813,1812,1813,112
1814,1813,1814,112
1815,1814,1815,112
1816,1815,1816,112
1817,1816,1817,112
1818,1817,1818,112
1819,1818,1819,112
1820,1819,1820,112
1821,1820,1821,112
1822,1821,1822,112
1823,1822,1823,112
1824,1823,1824,112
1825,1824,1825,112
1826,1825,1826,112
1827,1826,1827,112
1828,1827,1828,112
1829,1828,1829,112
1830,1829,1830,112
1831,1830,1831,112
1832,1831,1832,112
1833,1832,1833,112
1834,1833,1834,112
1835,1834,1835,112
1836,1835,1836,112
1837,1836,1837,112
1838,1837,1838,112
1839,1838,1839,112
1840,1839,1840,112
1841,1840,1841,112
1842,1841,1842,112
1843,1842,1843,112
1844,1843,1844,112
1845,1844,1845,112
1846,1845,1846,113
1847,1846,1847,113
1848,1847,1848,113
1849,1848,1849,113
1850,1849,1850,113
1851,1850,1851,113
1852,1851,1852,113
1853,1852,1853,113
1854,1853,1854,113
1855,1854,1855,113
1856,1855,1856,113
1857,1856,1857,113
1858,1857,1858,113
1859,1858,1859,113
1860,1859,1860,113
1861,1860,1861,113
1862,1861,1862,113
1863,1862,1863,113
1864,1863,1864,113
1865,1864,1865,113
1866,1865,1866,113
1867,1866,1867,113
1868,1867,1868,113
1869,1868,1869,113
1870,1869,1870,113
1871,1870,1871,113
1872,1871,1872,113
1873,1872,1873,113
1874,1873,1874,113
1875,1874,1875,113
1876,1875,1876,113
1877,1876,1877,113
1878,1877,1878,113
1879,1878,1879,113
1880,1879,1880,113
1881,1880,1881,113
1882,1881,1882,114
1883,1882,1883,114
1884,1883,1884,114
1885,1884,1885,114
1886,1885,1886,114
1887,1886,1887,114
1888,1887,1888,114
1889,1888,1889,114
1890,1889,1890,114
1891,1890,1891,114
1892,1891,1892,114
1893,1892,1893,115
1894,1893,1894,115
1895,1894,1895,115
1896,1895,1896,115
1897,1896,1897,115
1898,1897,1898,115
1899,1898,1899,115
1900,1899,1900,115
1901,1900,1901,115
1902,1901,1902,115
1903,1902,1903,115
1904,1903,1904,115
1905,1904,1905,115
1906,1905,1906,115
1907,1906,1907,115
1908,1907,1908,115
1909,1908,1909,115
1910,1909,1910,115
1911,1910,1911,115
1912,1911,1912,115
1913,1912,1913,115
1914,1913,1914,115
1915,1914,1915,115
1916,1915,1916,115
1917,1916,1917,115
1918,1917,1918,115
1919,1918,1919,115
1920,1919,1920,115
1921,1920,1921,115
1922,1921,1922,115
1923,1922,1923,115
1924,1923,1924,115
1925,1924,1925,115
1926,1925,1926,115
1927,1926,1927,115
1928,1927,1928,115
1929,1928,1929,115
1930,1929,1930,115
1931,1930,1931,115
1932,1931,1932,115
1933,1932,1933,115
1934,1933,1934,115
1935,1934,1935,115
1936,1935,1936,115
1937,1936,1937,115
1938,1937,1938,115
1939,1938,1939,115
1940,1939,1940,115
1941,1940,1941,116
1942,1941,1942,116
1943,1942,1943,116
1944,1943,1944,116
1945,1944,1945,116
1946,1945,1946,116
1947,1946,1947,116
1948,1947,1948,116
1949,1948,1949,116
1950,1949,1950,116
1951,1950,1951,116
1952,1951,1952,116
1953,1952,1953,116
1954,1953,1954,116
1955,1954,1955,116
1956,1955,1956,116
1957,1956,1957,116
1958,1957,1958,117
1959,1958,1959,117
1960,1959,1960,117
1961,1960,1961,117
1962,1961,1962,117
1963,1962,1963,117
1964,1963,1964,118
1965,1964,1965,118
1966,1965,1966,118
1967,1966,1967,118
1968,1967,1968,118
1969,1968,1969,118
1970,1969,1970,118
1971,1970,1971,118
1972,1971,1972,118
1973,1972,1973,118
1974,1973,1974,118
1975,1974,1975,118
1976,1975,1976,118
1977,1976,1977,118
1978,1977,1978,118
1979,1978,1979,118
1980,1979,1980,118
1981,1980,1981,118
1982,1981,1982,118
1983,1982,1983,118
1984,1983,1984,118
1985,1984,1985,118
1986,1985,1986,118
1987,1986,1987,118
1988,1987,1988,119
1989,1988,1989,119
1990,1989,1990,119
1991,1990,1991,119
1992,1991,1992,119
1993,1992,1993,119
1994,1993,1994,119
1995,1994,1995,119
1996,1995,1996,119
1997,1996,1997,119
1998,1997,1998,119
1999,1998,1999,119
2000,1999,2000,119
2001,2000,2001,119
2002,2001,2002,119
2003,2002,2003,119
2004,2003,2004,119
2005,2004,2005,119
2006,2005,2006,119
2007,2006,2007,119
2008,2007,2008,119
2009,2008,2009,119
2010,2009,2010,119
2011,2010,2011,119
2012,2011,2012,119
2013,2012,2013,119
2014,2013,2014,119
2015,2014,2015,119
2016,2015,2016,119
2017,2016,2017,119
2018,2017,2018,119
2019,2018,2019,119
2020,2019,2020,119
2021,2020,2021,119
2022,2021,2022,119
2023,2022,2023,119
2024,2023,2024,119
2025,2024,2025,119
2026,2025,2026,119
2027,2026,2027,119
2028,2027,2028,119
2029,2028,2029,119
2030,2029,2030,119
2031,2030,2031,119
2032,2031,2032,119
2033,2032,2033,119
2034,2033,2034,119
2035,2034,2035,119
2036,2035,2036,119
2037,2036,2037,119
2038,2037,2038,119
2039,2038,2039,119
2040,2039,2040,119
2041,2040,2041,119
2042,2041,2042,119
2043,2042,2043,119
2044,2043,2044,119
2045,2044,2045,119
2046,2045,2046,119
2047,2046,2047,119
2048,2047,2048,119
2049,2048,2049,119
2050,2049,2050,119
2051,2050,2051,119
2052,2051,2052,119
2053,2052,2053,119
2054,2053,2054,119
2055,2054,2055,119
2056,2055,2056,119
2057,2056,2057,119
2058,2057,2058,119
2059,2058,2059,119
2060,2059,2060,119
2061,2060,2061,119
2062,2061,2062,120
2063,2062,2063,120
2064,2063,2064,120
2065,2064,2065,120
2066,2065,2066,120
2067,2066,2067,120
2068,2067,2068,120
2069,2068,2069,120
2070,2069,2070,120
2071,2070,2071,120
2072,2071,2072,121
2073,2072,2073,121
2074,2073,2074,121
2075,2074,2075,121
2076,2075,2076,121
2077,2076,2077,121
2078,2077,2078,122
2079,2078,2079,122
2080,2079,2080,122
2081,2080,2081,122
2082,2081,2082,123
2083,2082,2083,123
2084,2083,2084,123
2085,2084,2085,123
2086,2085,2086,123
2087,2086,2087,123
2088,2087,2088,123
2089,2088,2089,123
2090,2089,2090,123
2091,2090,2091,123
2092,2091,2092,123
2093,2092,2093,123
2094,2093,2094,123
2095,2094,2095,123
2096,2095,2096,123
2097,2096,2097,123
2098,2097,2098,123
2099,2098,2099,123
2100,2099,2100,123
2101,2100,2101,123
2102,2101,2102,123
2103,2102,2103,123
2104,2103,2104,123
2105,2104,2105,123
2106,2105,2106,123
2107,2106,2107,123
2108,2107,2108,123
2109,2108,2109,123
2110,2109,2110,123
2111,2110,2111,123
2112,2111,2112,123
2113,2112,2113,123
2114,2113,2114,123
2115,2114,2115,123
2116,2115,2116,123
2117,2116,2117,124
2118,2117,2118,124
2119,2118,2119,124
2120,2119,2120,124
2121,2120,2121,124
2122,2121,2122,124
2123,2122,2123,124
2124,2123,2124,124
2125,2124,2125,124
2126,2125,2126,124
2127,2126,2127,124
2128,2127,2128,124
2129,2128,2129,124
2130,2129,2130,124
2131,2130,2131,124
2132,2131,2132,124
2133,2132,2133,124
2134,2133,2134,124
2135,2134,2135,124
2136,2135,2136,124
2137,2136,2137,125
2138,2137,2138,125
2139,2138,2139,125
2140,2139,2140,125
2141,2140,2141,125
2142,2141,2142,125
2143,2142,2143,125
2144,2143,2144,125
2145,2144,2145,125
2146,2145,2146,125
2147,2146,2147,125
2148,2147,2148,125
2149,2148,2149,125
2150,2149,2150,125
2151,2150,2151,125
2152,2151,2152,125
2153,2152,2153,125
2154,2153,2154,125
2155,2154,2155,125
2156,2155,2156,125
2157,2156,2157,126
2158,2157,2158,126
2159,2158,2159,126
2160,2159,2160,126
2161,2160,2161,126
2162,2161,2162,126
2163,2162,2163,126
2164,2163,2164,127
2165,2164,2165,127
2166,2165,2166,127
2167,2166,2167,127
2168,2167,2168,127
2169,2168,2169,127
2170,2169,2170,127
2171,2170,2171,127
2172,2171,2172,127
2173,2172,2173,127
2174,2173,2174,128
2175,2174,2175,128
2176,2175,2176,128
2177,2176,2177,128
2178,2177,2178,128
2179,2178,2179,128
2180,2179,2180,129
2181,2180,2181,129
2182,2181,2182,129
2183,2182,2183,129
2184,2183,2184,129
2185,2184,2185,129
2186,2185,2186,129
2187,2186,2187,129
2188,2187,2188,129
2189,2188,2189,129
2190,2189,2190,129
2191,2190,2191,129
2192,2191,2192,129
2193,2192,2193,129
2194,2193,2194,130
2195,2194,2195,130
2196,2195,2196,130
2197,2196,2197,130
2198,2197,2198,130
2199,2198,2199,130
2200,2199,2200,130
2201,2200,2201,130
2202,2201,2202,130
2203,2202,2203,130
2204,2203,2204,130
2205,2204,2205,130
2206,2205,2206,130
2207,2206,2207,130
2208,2207,2208,130
2209,2208,2209,130
2210,2209,2210,130
2211,2210,2211,130
2212,2211,2212,130
2213,2212,2213,130
2214,2213,2214,130
2215,2214,2215,130
2216,2215,2216,130
2217,2216,2217,130
2218,2217,2218,130
2219,2218,2219,130
2220,2219,2220,130
2221,2220,2221,130
2222,2221,2222,130
2223,2222,2223,130
2224,2223,2224,130
2225,2224,2225,130
2226,2225,2226,130
2227,2226,2227,130
2228,2227,2228,130
2229,2228,2229,130
2230,2229,2230,130
2231,2230,2231,130
2232,2231,2232,130
2233,2232,2233,130
2234,2233,2234,130
2235,2234,2235,130
2236,2235,2236,130
2237,2236,2237,130
2238,2237,2238,130
2239,2238,2239,130
2240,2239,2240,130
2241,2240,2241,130
2242,2241,2242,130
2243,2242,2243,130
2244,2243,2244,130
2245,2244,2245,130
2246,2245,2246,130
2247,2246,2247,130
2248,2247,2248,130
2249,2248,2249,130
2250,2249,2250,130
2251,2250,2251,130
2252,2251,2252,130
2253,2252,2253,130
2254,2253,2254,130
2255,2254,2255,130
2256,2255,2256,130
2257,2256,2257,130
2258,2257,2258,130
2259,2258,2259,130
2260,2259,2260,130
2261,2260,2261,130
2262,2261,2262,130
2263,2262,2263,130
2264,2263,2264,130
2265,2264,2265,130
2266,2265,2266,130
2267,2266,2267,130
2268,2267,2268,130
2269,2268,2269,130
2270,2269,2270,130
2271,2270,2271,130
2272,2271,2272,130
2273,2272,2273,131
2274,2273,2274,131
2275,2274,2275,131
2276,2275,2276,131
2277,2276,2277,131
2278,2277,2278,131
2279,2278,2279,131
2280,2279,2280,131
2281,2280,2281,131
2282,2281,2282,131
2283,2282,2283,131
2284,2283,2284,131
2285,2284,2285,131
2286,2285,2286,131
2287,2286,2287,131
2288,2287,2288,131
2289,2288,2289,131
2290,2289,2290,131
2291,2290,2291,131
2292,2291,2292,131
2293,2292,2293,131
2294,2293,2294,131
2295,2294,2295,131
2296,2295,2296,131
2297,2296,2297,131
2298,2297,2298,131
2299,2298,2299,131
2300,2299,2300,131
2301,2300,2301,131
2302,2301,2302,131
2303,2302,2303,132
2304,2303,2304,132
2305,2304,2305,132
2306,2305,2306,132
2307,2306,2307,132
2308,2307,2308,132
2309,2308,2309,132
2310,2309,2310,132
2311,2310,2311,132
2312,2311,2312,132
2313,2312,2313,132
2314,2313,2314,133
2315,2314,2315,133
2316,2315,2316,133
2317,2316,2317,133
2318,2317,2318,133
2319,2318,2319,133
2320,2319,2320,133
2321,2320,2321,134
2322,2321,2322,134
2323,2322,2323,134
2324,2323,2324,135
2325,2324,2325,135
2326,2325,2326,135
2327,2326,2327,136
2328,2327,2328,136
2329,2328,2329,136
2330,2329,2330,136
2331,2330,2331,136
2332,2331,2332,136
2333,2332,2333,136
2334,2333,2334,136
2335,2334,2335,137
2336,2335,2336,137
2337,2336,2337,137
2338,2337,2338,137
2339,2338,2339,137
2340,2339,2340,137
2341,2340,2341,137
2342,2341,2342,137
2343,2342,2343,137
2344,2343,2344,138
2345,2344,2345,138
2346,2345,2346,138
2347,2346,2347,138
2348,2347,2348,138
2349,2348,2349,138
2350,2349,2350,139
2351,2350,2351,139
2352,2351,2352,139
2353,2352,2353,139
2354,2353,2354,139
2355,2354,2355,139
2356,2355,2356,139
2357,2356,2357,139
2358,2357,2358,139
2359,2358,2359,139
2360,2359,2360,139
2361,2360,2361,139
2362,2361,2362,139
2363,2362,2363,139
2364,2363,2364,139
2365,2364,2365,140
2366,2365,2366,140
2367,2366,2367,140
2368,2367,2368,140
2369,2368,2369,141
2370,2369,2370,141
2371,2370,2371,141
2372,2371,2372,141
2373,2372,2373,141
2374,2373,2374,141
2375,2374,2375,141
2376,2375,2376,141
2377,2376,2377,141
2378,2377,2378,141
2379,2378,2379,142
2380,2379,2380,142
2381,2380,2381,142
2382,2381,2382,142
2383,2382,2383,142
2384,2383,2384,142
2385,2384,2385,142
2386,2385,2386,143
2387,2386,2387,143
2388,2387,2388,143
2389,2388,2389,143
2390,2389,2390,143
2391,2390,2391,143
2392,2391,2392,143
2393,2392,2393,143
2394,2393,2394,143
2395,2394,2395,143
2396,2395,2396,144
2397,2396,2397,144
2398,2397,2398,144
2399,2398,2399,144
2400,2399,2400,144
2401,2400,2401,144
2402,2401,2402,144
2403,2402,2403,144
2404,2403,2404,144
2405,2404,2405,144
2406,2405,2406,144
2407,2406,2407,144
2408,2407,2408,144
2409,2408,2409,144
2410,2409,2410,144
2411,2410,2411,144
2412,2411,2412,144
2413,2412,2413,144
2414,2413,2414,144
2415,2414,2415,144
2416,2415,2416,144
2417,2416,2417,144
2418,2417,2418,144
2419,2418,2419,144
2420,2419,2420,144
2421,2420,2421,144
2422,2421,2422,144
2423,2422,2423,144
2424,2423,2424,144
2425,2424,2425,144
2426,2425,2426,144
2427,2426,2427,144
2428,2427,2428,144
2429,2428,2429,144
2430,2429,2430,144
2431,2430,2431,144
2432,2431,2432,144
2433,2432,2433,144
2434,2433,2434,144
2435,2434,2435,144
2436,2435,2436,144
2437,2436,2437,144
2438,2437,2438,144
2439,2438,2439,144
2440,2439,2440,144
2441,2440,2441,144
2442,2441,2442,144
2443,2442,2443,144
2444,2443,2444,144
2445,2444,2445,144
2446,2445,2446,144
2447,2446,2447,144
2448,2447,2448,144
2449,2448,2449,144
2450,2449,2450,144
2451,2450,2451,144
2452,2451,2452,144
2453,2452,2453,144
2454,2453,2454,144
2455,2454,2455,144
2456,2455,2456,144
2457,2456,2457,144
2458,2457,2458,144
2459,2458,2459,144
2460,2459,2460,144
2461,2460,2461,144
2462,2461,2462,144
2463,2462,2463,144
2464,2463,2464,144
2465,2464,2465,144
2466,2465,2466,144
2467,2466,2467,144
2468,2467,2468,145
2469,2468,2469,145
2470,2469,2470,145
2471,2470,2471,145
2472,2471,2472,145
2473,2472,2473,145
2474,2473,2474,145
2475,2474,2475,145
2476,2475,2476,145
2477,2476,2477,145
2478,2477,2478,145
2479,2478,2479,145
2480,2479,2480,145
2481,2480,2481,145
2482,2481,2482,145
2483,2482,2483,145
2484,2483,2484,145
2485,2484,2485,145
2486,2485,2486,145
2487,2486,2487,145
2488,2487,2488,145
2489,2488,2489,145
2490,2489,2490,145
2491,2490,2491,145
2492,2491,2492,145
2493,2492,2493,145
2494,2493,2494,145
2495,2494,2495,145
2496,2495,2496,145
2497,2496,2497,145
2498,2497,2498,145
2499,2498,2499,145
2500,2499,2500,145
2501,2500,2501,145
2502,2501,2502,145
2503,2502,2503,145
2504,2503,2504,145
2505,2504,2505,146
2506,2505,2506,146
2507,2506,2507,146
2508,2507,2508,146
2509,2508,2509,146
2510,2509,2510,146
2511,2510,2511,146
2512,2511,2512,146
2513,2512,2513,146
2514,2513,2514,146
2515,2514,2515,146
2516,2515,2516,146
2517,2516,2517,146
2518,2517,2518,146
2519,2518,2519,146
2520,2519,2520,147
2521,2520,2521,147
2522,2521,2522,147
2523,2522,2523,147
2524,2523,2524,147
2525,2524,2525,147
2526,2525,2526,147
2527,2526,2527,147
2528,2527,2528,147
2529,2528,2529,147
2530,2529,2530,147
2531,2530,2531,147
2532,2531,2532,147
2533,2532,2533,147
2534,2533,2534,148
2535,2534,2535,148
2536,2535,2536,148
2537,2536,2537,148
2538,2537,2538,148
2539,2538,2539,148
2540,2539,2540,148
2541,2540,2541,148
2542,2541,2542,148
2543,2542,2543,148
2544,2543,2544,148
2545,2544,2545,148
2546,2545,2546,149
2547,2546,2547,149
2548,2547,2548,149
2549,2548,2549,149
2550,2549,2550,149
2551,2550,2551,149
2552,2551,2552,149
2553,2552,2553,149
2554,2553,2554,149
2555,2554,2555,149
2556,2555,2556,149
2557,2556,2557,149
2558,2557,2558,149
2559,2558,2559,149
2560,2559,2560,149
2561,2560,2561,149
2562,2561,2562,149
2563,2562,2563,149
2564,2563,2564,149
2565,2564,2565,149
2566,2565,2566,149
2567,2566,2567,149
2568,2567,2568,149
2569,2568,2569,149
2570,2569,2570,149
2571,2570,2571,149
2572,2571,2572,149
2573,2572,2573,149
2574,2573,2574,149
2575,2574,2575,149
2576,2575,2576,149
2577,2576,2577,150
2578,2577,2578,150
2579,2578,2579,150
2580,2579,2580,150
2581,2580,2581,150
2582,2581,2582,150
2583,2582,2583,150
2584,2583,2584,150
2585,2584,2585,150
2586,2585,2586,150
2587,2586,2587,150
2588,2587,2588,150
2589,2588,2589,150
2590,2589,2590,150
2591,2590,2591,150
2592,2591,2592,150
2593,2592,2593,150
2594,2593,2594,150
2595,2594,2595,150
2596,2595,2596,150
2597,2596,2597,150
2598,2597,2598,150
2599,2598,2599,150
2600,2599,2600,150
2601,2600,2601,150
2602,2601,2602,150
2603,2602,2603,150
2604,2603,2604,150
2605,2604,2605,150
2606,2605,2606,151
2607,2606,2607,151
2608,2607,2608,151
2609,2608,2609,151
2610,2609,2610,151
2611,2610,2611,151
2612,2611,2612,151
2613,2612,2613,151
2614,2613,2614,151
2615,2614,2615,151
2616,2615,2616,151
2617,2616,2617,151
2618,2617,2618,151
2619,2618,2619,151
2620,2619,2620,151
2621,2620,2621,151
2622,2621,2622,151
2623,2622,2623,152
2624,2623,2624,152
2625,2624,2625,152
2626,2625,2626,152
2627,2626,2627,152
2628,2627,2628,152
2629,2628,2629,152
2630,2629,2630,152
2631,2630,2631,152
2632,2631,2632,152
2633,2632,2633,152
2634,2633,2634,152
2635,2634,2635,152
2636,2635,2636,152
2637,2636,2637,152
2638,2637,2638,152
2639,2638,2639,152
2640,2639,2640,152
2641,2640,2641,152
2642,2641,2642,152
2643,2642,2643,152
2644,2643,2644,153
2645,2644,2645,153
2646,2645,2646,153
2647,2646,2647,153
2648,2647,2648,153
2649,2648,2649,153
2650,2649,2650,153
2651,2650,2651,153
2652,2651,2652,153
2653,2652,2653,153
2654,2653,2654,153
2655,2654,2655,153
2656,2655,2656,153
2657,2656,2657,153
2658,2657,2658,153
2659,2658,2659,153
2660,2659,2660,154
2661,2660,2661,154
2662,2661,2662,154
2663,2662,2663,154
2664,2663,2664,154
2665,2664,2665,154
2666,2665,2666,154
2667,2666,2667,154
2668,2667,2668,154
2669,2668,2669,154
2670,2669,2670,154
2671,2670,2671,154
2672,2671,2672,154
2673,2672,2673,154
2674,2673,2674,154
2675,2674,2675,154
2676,2675,2676,154
2677,2676,2677,154
2678,2677,2678,154
2679,2678,2679,154
2680,2679,2680,154
2681,2680,2681,154
2682,2681,2682,154
2683,2682,2683,154
2684,2683,2684,154
2685,2684,2685,154
2686,2685,2686,154
2687,2686,2687,154
2688,2687,2688,154
2689,2688,2689,154
2690,2689,2690,154
2691,2690,2691,154
2692,2691,2692,154
2693,2692,2693,154
2694,2693,2694,154
2695,2694,2695,154
2696,2695,2696,154
2697,2696,2697,154
2698,2697,2698,154
2699,2698,2699,154
2700,2699,2700,154
2701,2700,2701,154
2702,2701,2702,154
2703,2702,2703,154
2704,2703,2704,154
2705,2704,2705,154
2706,2705,2706,154
2707,2706,2707,154
2708,2707,2708,154
2709,2708,2709,154
2710,2709,2710,154
2711,2710,2711,154
2712,2711,2712,154
2713,2712,2713,154
2714,2713,2714,154
2715,2714,2715,154
2716,2715,2716,154
2717,2716,2717,154
2718,2717,2718,154
2719,2718,2719,154
2720,2719,2720,154
2721,2720,2721,154
2722,2721,2722,154
2723,2722,2723,154
2724,2723,2724,154
2725,2724,2725,154
2726,2725,2726,154
2727,2726,2727,154
2728,2727,2728,154
2729,2728,2729,154
2730,2729,2730,154
2731,2730,2731,154
2732,2731,2732,155
2733,2732,2733,155
2734,2733,2734,155
2735,2734,2735,155
2736,2735,2736,155
2737,2736,2737,155
2738,2737,2738,155
2739,2738,2739,155
2740,2739,2740,156
2741,2740,2741,156
2742,2741,2742,156
2743,2742,2743,156
2744,2743,2744,156
2745,2744,2745,156
2746,2745,2746,156
2747,2746,2747,156
2748,2747,2748,156
2749,2748,2749,156
2750,2749,2750,156
2751,2750,2751,156
2752,2751,2752,156
2753,2752,2753,157
2754,2753,2754,157
2755,2754,2755,157
2756,2755,2756,157
2757,2756,2757,157
2758,2757,2758,157
2759,2758,2759,158
2760,2759,2760,158
2761,2760,2761,158
2762,2761,2762,158
2763,2762,2763,158
2764,2763,2764,158
2765,2764,2765,158
